{
  "schemaVersion": 1,
  "id": "dropmultiplier",
  "version": "${version}",
  "name": "DropMultiplier",
  "description": "Multiplies block and entity drops with a simple config and commands.",
  "authors": [
    "DeathTankerLOLz"
  ],
  "contact": {
    "sources": "https://example.com"
  },
  "license": "MIT",
  "icon": "assets/dropmultiplier/icon.png",
  "environment": "*",
  "entrypoints": {
    "main": [
      "com.example.dropmultiplier.DropMultiplierMod"
    ],
    "modmenu": [
      "com.example.dropmultiplier.client.DropMultiplierModMenuIntegration"
    ]
  },
  "mixins": [
    "dropmultiplier.mixins.json"
  ],
  "depends": {
    "fabricloader": ">=0.18.0",
    "fabric-api": "*",
    "minecraft": "1.21.10",
    "java": ">=21"
  },
  "recommends": {
    "modmenu": "*"
  }
}
